sensor,x,y
1,-0.043919505301556375,0.09446389569087352
2,-0.04571606716414097,-0.9267324084622507
3,-0.05306570278483255,-1.9479038442042322
4,-0.06389590234268014,-2.9690442970750324
5,-0.07912609232668197,-3.9901286039755117
6,-0.08783731009599069,-5.011289332266642
7,-0.10324086413715503,-6.032371038967915
8,-0.12311620560216945,-7.053375491474724
9,-0.14246004579073085,-8.074390151749146
10,-0.1544443178661855,-9.095517713218
11,-0.17090667672132098,-10.116582897938725
12,-0.19168949141195585,-11.137569281452913
13,-0.21126290475679177,-12.158579563980494
14,-0.2303579877123178,-13.179598910695457
15,-0.22684762088721366,-14.200790763745752
16,-0.22097035326507775,-15.221971737879471
17,-0.20668383599788004,-16.243069685009424
18,-0.19545536085099086,-17.26420583829874
19,-0.18583384619332205,-18.285358397109764
20,-0.18109437928771766,-19.306545282746377
21,-0.1765846130115355,-20.327733209819428
22,-0.17504548898677474,-21.34892993624178
23,-0.17710798424543883,-22.370125740354396
24,-0.1849079228208752,-23.391293838259568
25,-0.17378324362065228,-24.41243112768737
26,-0.16991143846844076,-25.433621673801134
27,-0.17107323960853033,-26.454818898408014
28,-0.15013213833941097,-27.47580204780338
29,-0.13287500301207028,-28.496854107953062
30,-0.12217942820020006,-29.51799598122592
31,-0.11966899804050779,-30.53919078152264
32,-0.12448946179061209,-31.56037729041072
33,-0.11101787090967268,-32.58148631301027
34,-0.10355754013407563,-33.60265694710541
35,-0.1022757643136451,-34.62385402740844
36,-0.09921341723982544,-35.645047320472536
37,-0.10498021189941045,-36.66622892299876
38,-0.11931891878014286,-37.68732613802511
39,-0.1363523823015974,-38.708381956166726
40,-0.132423525426488,-39.72957228378182
41,-0.10468546582949118,-40.750393384015716
42,-0.0836266517780916,-41.771374112115424
43,-0.06391140922275079,-42.79238166841031
44,-0.024527576398151167,-43.81281982671766
45,0.006020583332852963,-44.83356069883482
46,0.04859535949143713,-45.85387070454445
47,0.08651851321048774,-46.8743641931686
48,0.11633153256048011,-47.89512680497671
49,0.15288544436736207,-48.915670255115025
50,0.18327118433282663,-49.936415976594716
51,0.20770991158617458,-50.95732139274707
52,0.25388683607746854,-51.97747472245076
53,0.29528632976114255,-52.997833092019995
54,0.3498673185821265,-54.017571310022305
55,0.39677192385465626,-55.037691438607474
56,0.4368593500984352,-56.05810219683294
57,0.47216330836792847,-57.07868965254606
58,0.5040250361855303,-58.09939036995981
59,0.5309285340277805,-59.12023380851066
60,0.5828317247370641,-60.140111832793444
61,0.6566223596855472,-61.15856023779532
62,0.7645046569183339,-62.174043627398625
63,0.8756139865337003,-63.18917899809943
64,0.9908509107444359,-64.20385409687667
65,1.0989784198017798,-65.21931140731859
66,1.2121864361575094,-66.23421487316689
67,1.3242733400951954,-67.24924276909009
68,1.431795466893436,-68.26476435763277
69,1.5327619950202975,-69.28095866052091
70,1.6300152767452432,-70.29751505744274
71,1.7207416718498956,-71.31467474510013
72,1.8057188718356545,-72.3323308657679
73,1.8868516060485125,-73.35030070337287
74,1.9838441852736377,-74.36688200543053
75,2.0763381197498845,-75.38388248503726
76,2.1668224946794066,-76.40106373121824
77,2.2514050860244024,-77.41875272759154
78,2.3553383685931673,-78.43464789181394
79,2.452472053399655,-79.45121572489991
80,2.5422083657356023,-80.46846324028216
81,2.6435035482508114,-81.48462483801654
82,2.750836571218125,-82.50016643156093
83,2.8615249246400443,-83.51534779343663
84,2.9803100538713885,-84.52961363631576
85,3.0989060057778146,-85.54390161650853
86,3.241162371917593,-86.5551425579223
87,3.3982124367566233,-87.56419180861701
88,3.5569161070360664,-88.57298230255938
89,3.709715223609623,-89.5826840137947
90,3.8690042272572094,-90.59138224872919
91,4.021872785727183,-91.60107344639027
92,4.16848924411545,-92.61169143832159
93,4.328407396977772,-93.620290119702
94,4.491794898953723,-94.6283325987187
95,4.661651849195668,-95.6353051535729
96,4.8286577030378055,-96.64275448457734
97,4.990164611730758,-97.651099977214
98,5.147579648980662,-98.66009235387975
99,5.30120082604284,-99.66966931704079
100,5.4523252437940855,-100.6796230383063
101,5.605142772156315,-101.68932195969211
102,5.7575171429397205,-102.6990878528197
103,5.906893784947002,-103.70930155771124
104,6.051702919779248,-104.72018009721755
105,6.191469153252369,-105.73176821028913
106,6.330918563655427,-106.74340004685976
107,6.467792553120751,-107.75538355545426
108,6.5999953340995505,-108.76798788725365
109,6.726924260386588,-109.78126680095586
110,6.848820821164424,-110.7951634158508
111,6.967038782563924,-111.809495521685
112,7.096487117228594,-112.82245565739387
113,7.228188569081167,-113.83512531297919
114,7.356609684891016,-114.84821618976946
115,7.488190659242875,-115.86090150961338
116,7.614310455462549,-116.87428144900247
117,7.755973490061868,-117.88560567645715
118,7.964301194468712,-118.87517034491644
119,8.395122040386406,-119.80104209118778
120,8.822426048980963,-120.7285421590476
121,9.25390152357502,-121.65410901800692
122,9.681308663383877,-122.5815615685929
123,10.105520553312783,-123.5104799550979
124,10.525597926618277,-124.44127536545118
125,10.942474313890685,-125.3735087964043
126,11.356579962347963,-126.3069763106802
127,11.7668071552671,-127.24215476501466
128,12.17229648648534,-128.17939725964402
129,12.574795443757026,-129.1179278581109
130,12.980935232864578,-130.05488866983097
131,13.383954185714387,-130.99319609130686
132,13.7949971190233,-131.9280162876374
133,14.202688458910371,-132.86430302889613
134,14.606153261338589,-133.80241882291097
135,15.006228738104431,-134.74198505513996
136,15.406677301150099,-135.68139233507316
137,15.817980606765518,-136.61609799944313
138,16.225132389041104,-137.55261949832283
139,16.62804457636504,-138.49097276853772
140,17.029738478800123,-139.4298482146824
141,17.426973389426365,-140.3706189184039
142,17.819118255508997,-141.31352267615432
143,18.207950773411174,-142.2577971949781
144,18.596386670082413,-143.20223493576438
145,18.98794187195395,-144.14538371339086
146,19.375270524927476,-145.0902760923228
147,19.765331850152666,-146.03404367835319
148,20.152696356181377,-146.97892135865533
149,20.559135768482445,-147.91575223999578
150,20.963507158037537,-148.85347761218748
151,21.36224930204455,-149.79361047638707
152,21.755773552515965,-150.73593938229263
153,22.147379063770725,-151.67906727610097
154,22.5336932827377,-152.62437485809423
155,22.94126265920113,-153.5607147036945
156,23.340444137122834,-154.50066111223475
157,23.733466525342987,-155.44319944250853
158,24.122033447957715,-156.38758328829505
159,24.507681153880775,-157.33316297803194
160,24.88750400132804,-158.2810974159215
161,25.261142640756933,-159.23148642680692
162,25.629236376317262,-160.1840367441913
163,25.989162416577393,-161.1397031877134
164,26.343698076785856,-162.0973824444211
165,26.71230630237036,-163.0497337828821
166,27.09266964762562,-163.99745147346093
167,27.469949199100284,-164.94640101702907
168,27.83894622818201,-165.8986017778472
169,28.21459978917186,-166.8481961642132
170,28.576215726173707,-167.80322444488007
171,28.933371226161917,-168.75992975967344
172,29.2984254321723,-169.7136490645153
173,29.65357395223628,-170.67110121714273
174,30.000715052539277,-171.63148559453074
175,30.337078354339685,-172.59569761840243
176,30.662841063352964,-173.56354252282583
177,31.00645903790849,-174.52519306896525
178,31.33609717825186,-175.4917249017075
179,31.682272777917948,-176.45245771511046
180,32.03716411159375,-177.41000521935956
181,32.407641121027,-178.36163112818525
182,32.79663714410484,-179.305838296395
183,33.18140161552438,-180.2517777150521
184,33.55368263499053,-181.20269933058526
185,33.91886968972839,-182.15636777196158
186,34.28230048460623,-183.11070688449107
187,34.64243346569305,-184.06629535135906
188,35.00932360054903,-185.01930988950534
189,35.38400663904463,-185.9692876243362
190,35.746211904361985,-186.92409254162982
191,36.11637069311914,-187.875842272838
192,36.49762889818257,-188.82320031541337
193,36.87760751503223,-189.77107231742855
194,37.25965113659148,-190.7181138923476
195,37.62562860138429,-191.67147928645147
196,38.00525588811924,-192.61949205135036
197,38.40701367762757,-193.55834015041768
198,38.82558087776123,-194.4898156350954
199,39.26151905007485,-195.41328896535055
200,39.72845202424634,-196.32148424954676
201,40.21960615857035,-197.21681250900252
202,40.69618069603339,-198.11998568322412
203,41.16185084740891,-199.02882911555994
204,41.62081762968687,-199.9410761042067
205,42.06711694172158,-200.85958685525375
206,42.5054736849545,-201.78191458500015
207,42.940922639030106,-202.7056186948863
208,43.38521184318216,-203.6251034303797
209,43.832739041904055,-204.54301654300448
210,44.30948246568854,-205.44610058030037
211,44.785482709587136,-206.3495765551759
212,45.25179158005734,-207.25809243710975
213,45.708593361562336,-208.1714254560435
214,46.15627360391778,-209.0892639315159
215,46.59599529293659,-210.01094169948797
216,47.03775292080025,-210.93164537908038
217,47.46366894825482,-211.85978362753747
218,47.86937555358434,-212.7969320762492
219,48.26534369400401,-213.73823664900792
220,48.65326513908472,-214.68288579864605
221,49.04362304802135,-215.62653073798316
222,49.43732925095067,-216.56878361776498
223,49.8205029988162,-217.51536850359824
224,50.189021914315084,-218.46775439382566
225,50.55346404442029,-219.42170774964802
226,50.90772223675649,-220.37948966727367
227,51.25643845396688,-221.3393032314471
228,51.5968872171256,-222.30208031667456
229,51.948633187447804,-223.26078769956683
230,52.287035796267254,-224.2242858821417
231,52.61718817548907,-225.19064217298046
232,52.95483824156355,-226.15440433522087
233,53.2788283639668,-227.12284404550869
234,53.593231610640075,-228.09443844112218
235,54.34743466770023,-228.77286397839362
236,55.18198583909037,-229.3613955658907
237,56.012071402835694,-229.9562090196786
238,56.83945871879918,-230.55477006188974
239,57.66253348117984,-231.15924754598322
240,58.48226325745833,-231.76825344555323
241,59.29809802303343,-232.382467352108
242,60.11308890380197,-232.99780056081053
243,60.92608229774147,-233.61577048202298
244,61.73942893968046,-234.23327539708524
245,62.55608834079321,-234.84639243743158
246,63.38595830570529,-235.44150665909265
247,64.21795243042834,-236.03364756528427
248,65.05175787125418,-236.6232351935279
249,65.88555828823156,-237.21282992210158
250,66.72359917210207,-237.79638159390774
251,67.56819420711678,-238.37040625228622
252,68.41786566858265,-238.93688969372957
253,69.2780554521189,-239.487270124122
254,70.15194573323807,-240.01562688053372
255,71.03408029885234,-240.53010106847512
256,71.93001256320478,-241.02015255926582
257,72.66975837211866,-241.6824129802438
258,72.57910983893694,-242.6995795968593
259,72.50019269028714,-243.71772357798898
260,72.42127528714408,-244.73586753850162
261,72.35197958149912,-245.75471158225932
262,72.28433265042919,-246.77366642857055
263,72.1997483685137,-247.79135527374794
264,72.11889685206869,-248.8093474757628
265,72.04897837793396,-249.82814897516863
266,72.00299395001355,-250.84831098293282
267,71.98885690211434,-251.86941098885677
268,71.97411012792858,-252.89050237465972
269,71.98920006551396,-253.9115887417037
270,72.03955602939568,-254.93154430871013
271,72.08924578802902,-255.95153254418943
272,72.16454729388008,-256.969950323384
273,72.25056610772774,-257.98751892205894
274,72.35765081502556,-259.00308671712037
275,72.48288859260236,-260.01657601791743
276,72.60960237899067,-261.0298818412983
277,72.73374621032038,-262.0435057215199
278,72.87553063962244,-263.05481291843665
279,72.8694027546547,-264.07547773761627
280,72.83812889160939,-265.09619661175617
281,72.8273357116877,-266.1173374349071
282,72.83620366831899,-267.1384967931275
283,72.82889693709458,-268.1596685158633
284,72.84281212354287,-269.1807715687988
285,72.8710597893237,-270.20157867627074
286,72.90690442077508,-271.2221472715761
287,72.95063749658878,-272.2424082756875
288,73.00690667612646,-273.26205472351666
289,73.07387939693031,-274.2810541113255
290,73.14654832394191,-275.2996631246797
291,73.22305143507594,-276.3179913467145
292,73.31576403531862,-277.334971908518
293,73.42448109488481,-278.35036626098895
294,73.53542803647962,-279.36551938568147
295,73.64751372182931,-280.3805474090077
296,73.76186954314721,-281.39532217930133
297,73.89047524141172,-282.40838963245636
298,74.04412594121754,-283.41796209291294
299,74.21957027250282,-284.4239761974475
300,74.40958477604138,-285.4273403269772
301,74.6203219747972,-286.4265574814188
302,74.84677852827576,-287.42232980633247
303,75.08426910993703,-288.41552832241825
304,75.33391153598795,-289.40574231203306
305,75.59234120446507,-290.3936993932421
306,75.85789014288135,-291.37976676072657
307,76.12475845483401,-292.36547787273577
308,76.3931643792737,-293.35077140947163
309,76.6714158407797,-294.33332991320276
310,76.97734400087487,-295.30762608950846
311,76.85670610451507,-296.3204993840858
312,76.69826537782129,-297.3293311843817
313,76.55060316392347,-298.3397968914573
314,76.41413018285137,-299.35183453843297
315,76.2867016208678,-300.36505071613936
316,76.16679439745508,-301.3791844907266
317,76.06931754229758,-302.39571944474005
318,75.9871512034708,-303.41360635476485
319,75.92101104977931,-304.4326601031706
320,75.86954161906549,-305.45256007748645
321,75.82467087521037,-306.4727716602151
322,75.78161248775552,-307.493061348291
323,75.74969856518031,-308.51376040319616
324,75.72702946506602,-309.53470661656587
325,75.71340698335683,-310.5558136068104
326,75.70321066143,-311.5769605617688
327,75.68202324222771,-312.5979386006456
328,75.64910686762452,-313.6186058252164
329,75.61097234022255,-314.6390914145363
330,75.55782568667469,-315.6589053737277
331,75.49057980901523,-316.67788676082114
332,75.40988369715544,-317.6958912861105
333,75.31599844030302,-318.712764252994
334,75.22728343079488,-319.7301013276065
335,75.14998814616422,-320.7483697181375
336,75.08511636446202,-321.7675050017681
337,75.02619610148086,-322.78700168102324
338,74.98040094912831,-323.8071721946829
339,74.94522402420758,-324.8277640151663
340,74.92159307073217,-325.8486884317342
341,74.90807278912025,-326.8697967936055
342,74.88184247761916,-327.89065773267697
343,74.85583880901454,-328.9115244671865
344,74.81758863159511,-329.93200573173505
345,74.7800859739901,-330.95251473726245
346,74.74323243115282,-331.9730473914291
347,74.70698893874874,-332.9936018941853
348,74.65849889657234,-334.013647872165
349,74.61042349227846,-335.0337134771279
350,74.54970018716176,-336.05310436253336
351,74.47742978971516,-337.07174172701264
352,74.3929610430311,-338.08944017198354
353,74.29686308600249,-339.10610643219206
354,74.21033404574857,-340.12349039031034
355,74.18496079015195,-341.1443729882634
356,74.14618958427319,-342.1648345886092
357,74.0944293356047,-343.1847198565596
358,74.02972622524665,-344.2038658691357
359,73.95884034897617,-345.22260051621146
360,73.87998290631317,-346.2407491270897
361,73.80357424143592,-347.2590844408457
362,73.71328950621128,-348.2762834189933
363,73.6285142270618,-349.29395637372124
364,73.54938531080124,-350.3120839203553
365,73.47224609629131,-351.33036415299875
366,73.39536660707927,-352.34866402412047
367,73.32594023488886,-353.3674991734681
368,73.26103071312016,-354.38663205862935
369,73.20056189759131,-355.4060380702321
370,73.13992127786744,-356.42543387396387
371,73.0780029852513,-357.4447528685521
372,73.01448181551164,-358.4639732334029
373,72.95590559262953,-359.4834897420458
374,72.90227878399968,-360.5032785694573
375,72.85306756970748,-361.5232900140589
376,72.80761610463097,-362.5434759126122
377,72.76629575655681,-363.56383748146226
378,72.1822897644507,-364.3842832783169
379,71.53154030251491,-365.17128404805095
380,70.8820639327337,-365.9593357687693
381,70.23403851718801,-366.7485810595592
382,69.58781428860783,-367.5393018212352
383,68.94399326472421,-368.33198054835265
384,68.30715165223944,-369.1302773823704
385,67.67137313776227,-369.9294211539627
386,67.03208844489264,-370.7257628913625
387,66.40349523892526,-371.5305707364185
388,67.0435219236909,-372.17946736251326
389,67.88095419184,-372.76389210549473
390,68.70912900439563,-373.36136307737365
391,69.51421177918682,-373.98960412127025
392,70.31721272521558,-374.62050392533763
393,71.11768175523977,-375.25461307640086
394,71.89022997127212,-375.9224561250805
395,72.65214883587507,-376.60240077524963
396,73.400040557716,-377.29774461478956
397,74.13856010364823,-378.00303460409714
398,74.88004162987782,-378.7052099597323
399,75.62099582853948,-379.4079417448246
400,76.36794802278641,-380.1042947446537
401,77.11858708433901,-380.7966718713251
402,77.87193091751932,-381.4861050809496
403,78.6177834221176,-382.1836358210228
404,79.35053094165211,-382.89492068776485
405,80.0857979535393,-383.6036007986862
406,80.82431293748864,-384.30889556009106
407,81.557035473824,-385.0202061590807
408,82.2934361558668,-385.7277081926784
409,83.03335306989325,-386.4315320692951
410,83.77580685295123,-387.13267931878147
411,84.52014591263534,-387.83182483146743
412,85.24951520722433,-388.54657339815793
413,85.97880046987478,-389.2614077085899
414,86.70697636145331,-389.97737206060435
415,87.64806106965165,-390.0373478871114
416,88.654265264293,-389.86299702303205
417,89.66215117948066,-389.69864653077167
418,90.6705859598608,-389.53769811084345
419,91.68484822566109,-389.41888247378387
420,92.69942303088416,-389.3027658640745
421,93.71464710853269,-389.1924700440533
422,94.73193310339396,-389.1031710735256
423,95.7511938994586,-389.0403019435012
424,96.77023798115718,-388.9740127384225
425,97.78757806640927,-388.88533214677835
426,98.80288207842464,-388.7757745844686
427,99.81783748141133,-388.6630331613898
428,100.83270962887735,-388.549544740935
429,101.84712448835609,-388.43203903708945
430,102.86137105812753,-388.31308950105307
431,103.87590781229004,-388.1966409190628
432,104.8901364479609,-388.0775386004169
433,105.9033070771173,-387.9497482567293
434,106.91628886515528,-387.82046952555567
435,107.92896999347307,-387.6888563578384
436,108.94078679920237,-387.55075548847014
437,109.95726154292093,-387.45265253775256
438,110.9740903570772,-387.35829017770914
439,111.99198001052076,-387.2761577042045
440,113.01000254486185,-387.19568901305655
441,114.02893441553753,-387.127696833557
442,115.04825779653297,-387.0658506954293
443,116.06712863904139,-386.99695009620353
444,117.08714744407571,-386.94789164591003
445,118.10729479058368,-386.9015831337358
446,119.12841564499557,-386.8890415696509
447,120.14954694190486,-386.8773811951572
448,121.16810183118068,-386.8039575917238
449,122.18156769910387,-386.6785302745214
450,123.19649636204043,-386.5655484573264
451,124.2127501181757,-386.4651822069243
452,125.23087072649093,-386.3859641086916
453,126.24957577716832,-386.3146541842314
454,127.26869912897148,-386.2495951750662
455,128.28673456041275,-386.1692898567659
456,129.30370427365662,-386.07645836834405
457,130.3190963861501,-385.96772043110127
458,131.33205919744137,-385.8382931508838
459,132.34522877475953,-385.7104945443612
460,133.3630206838256,-385.6271596281341
461,134.382131883946,-385.56191054162645
462,135.4023085819094,-385.5162532775907
463,136.4229000896434,-385.4810673090291
464,137.44382679688823,-385.45753557267125
465,138.46496621162035,-385.4466094726863
466,139.29875617173514,-384.87859152800837
467,140.08747912066084,-384.2299304513303
468,140.88446997450228,-383.59145518151075
469,141.68333378093607,-382.95532492841204
470,142.48447166290956,-382.3220610110591
471,143.27904390457817,-381.680578320282
472,144.0655885514932,-381.02927762260754
473,144.85871126734398,-380.38600362428764
474,145.6543675050231,-379.74586595265197
475,146.434819521666,-379.08727675850014
476,147.22050959229523,-378.43494540115984
477,148.00890256951553,-377.7858833080856
478,148.80274003126993,-377.14349154752335
479,149.603698308671,-376.5100004852375
480,150.40115242789085,-375.8721039310771
481,151.1796973797893,-375.2112614061876
482,151.96231493882144,-374.55524704936926
483,152.75091325133235,-373.90643445028627
484,153.52210936624587,-373.2370305122622
485,154.29505663614236,-372.56964935564594
486,155.08433898983034,-371.9216690715787
487,155.87370729575315,-371.2737934900898
488,156.66882541958879,-370.6329875519302
489,157.46904433917348,-369.99856280030036
490,158.265499118795,-369.35941893953424
491,159.06473704091906,-368.7237587856226
492,159.86589282876346,-368.09051753019816
493,160.67778584553824,-367.47110263004583
494,161.49275350890588,-366.85573868009106
495,162.3061177554135,-366.23825694147484
496,163.12003248360918,-365.6215009906304
497,163.93575510684337,-365.00713815989695
498,164.75390293032925,-364.39600868966926
499,165.5762566200722,-363.79055060177546
500,166.40849667973075,-363.1987553937786
501,167.24646437718025,-362.6150986304063
502,168.08955414481485,-362.03886540555004
503,168.93681569007182,-361.4687838696625
504,169.79259193750264,-360.91156569071467
505,170.64980351989,-360.356558131071
506,171.4945192715489,-359.7827111307736
507,172.3413619408802,-359.21200755240227
508,173.18070498692518,-358.63033037692605
509,173.99921753304764,-358.01968949461366
510,174.81863070878035,-357.41025768704935
511,175.6416937090614,-356.80576419699
512,176.46442976415634,-356.2008258022918
513,177.29607810411466,-355.6081993409621
514,178.1300859581639,-355.01889807312807
515,178.96536569714942,-354.43140097081516
516,179.8060962747118,-353.8517310829254
517,180.65076600674053,-353.2778163452715
518,181.50350504981859,-352.7159612011361
519,182.36078813698387,-352.1610641049248
520,183.22071918676752,-351.6102795092868
521,184.08395405354116,-351.06468749628164
522,184.95112126572943,-350.5253674578785
523,185.82310727308405,-349.99387382298306
524,186.69906442202753,-349.46895082872777
525,187.57769542758845,-348.9485157859046
526,188.46612787405647,-348.4449953106304
527,189.3592197616725,-347.94978630188353
528,190.25530447709892,-347.4600136391306
529,191.15216902555167,-346.97167046193414
530,192.03209834707187,-346.4534335755794
531,192.89805118849628,-345.9121658463675
532,193.75115054887723,-345.35085794824244
533,194.5955181295327,-344.77649877443713
534,195.42407056444245,-344.1795515867075
535,196.14198012022723,-343.4578224100996
536,196.72683672668933,-342.6206917006826
537,197.31047908189478,-341.78271397244725
538,197.86935448449515,-340.9280190800726
539,198.4436601180234,-340.0836150795889
540,199.0239354050159,-339.2433022417229
541,199.60518197240293,-338.4036609489537
542,200.1991503061028,-337.57297045708566
543,200.81406843136662,-336.7576663571999
544,201.43177158391367,-335.9444702601955
545,202.05233837586968,-335.1334573537227
546,202.67765436950822,-334.3261005650588
547,203.3184459463045,-333.5309708716236
548,203.97069126905606,-332.74520938687874
549,204.62582707551965,-331.96185624097484
550,205.28908569562955,-331.1853685858524
551,205.95367973131198,-330.4100236036013
552,206.62240959641224,-329.63824291085893
553,207.30215248489912,-328.8761440466019
554,207.98182182228618,-328.1139795876126
555,208.66612720789735,-327.3559748304945
556,209.3459300217366,-326.59392942622753
557,210.04173798186747,-325.846469497081
558,210.73037590697777,-325.09239862923545
559,211.4126997333285,-324.3326096629858
560,212.0894896443732,-323.56788716968407
561,212.76508152582593,-322.80210607766634
562,213.52502208366457,-322.1243710670485
563,214.42902936780567,-321.64938064262606
564,215.3079611281393,-321.1294536836253
565,216.1855278529805,-320.60722603639044
566,217.06947556551737,-320.09587340540685
567,217.96103250366076,-319.59790624007076
568,218.8601442091461,-319.1137128743659
569,219.75438506540638,-318.62058168742794
570,220.62254094063294,-318.0828545719057
571,221.4880534610785,-317.5408830356844
572,222.3537376640739,-316.99918576458015
573,223.21858889005696,-316.4561595903599
574,224.08391541565393,-315.9138911384582
575,224.95563668267584,-315.38196341001026
576,225.82462612508394,-314.84558442130407
577,226.68859654611182,-314.30115794449137
578,227.56167778348902,-313.77146536128055
579,228.4342304718799,-313.24090256212986
580,229.31059910586373,-312.71666684122476
581,230.1896289547668,-312.19690574325045
582,231.07764208401755,-311.69264612929607
583,231.95915620478402,-311.17710958352814
584,232.82622105132364,-310.6376249915107
585,233.69317304091376,-310.0979590544524
586,234.5371252993721,-309.5229897831447
587,235.38175017606574,-308.9490090393349
588,236.22402786406852,-308.371589452736
589,237.07699949730258,-307.81008748370834
590,237.93657496366913,-307.2587481240612
591,238.77797377253313,-306.68004861883793
592,239.6296938808459,-306.1166500671973
593,240.4898009931897,-305.5661404577661
594,241.3611074575324,-305.0335335432691
595,242.23080976232168,-304.4983111766243
596,243.08685452157158,-303.94150560842803
597,243.94421560912568,-303.38672903492954
598,244.80106788001436,-302.8311669158467
599,245.66457060433393,-302.28599894231667
600,246.51723782769807,-301.72403481320185
601,247.38282919530542,-301.1821892105597
602,248.25789238436076,-300.65577731782304
603,249.1267336093345,-300.1191582724842
604,250.00161187508695,-299.5924390997334
605,250.8802335367187,-299.0719882904265
606,251.76789976736083,-298.5671182776208
607,252.6569502216575,-298.06468981737333
608,253.54824542168245,-297.5662543335663
609,254.42078656951028,-297.03567256648745
610,255.29637858095847,-296.5101407440344
611,256.1751336697568,-295.9899152507498
612,257.0678262013831,-295.49398671961865
613,257.85062025145635,-294.8505070576506
614,258.17860259618567,-293.88341210489244
615,258.5237939225134,-292.92232521724156
616,258.863629562573,-291.9593315586074
617,259.22748944353503,-291.0051559755779
618,259.5935271003665,-290.0518137054143
619,259.982055701324,-289.1074141155481
620,260.3748877475475,-288.1647964664023
621,260.7711497525005,-287.2236155740591
622,261.1672150508437,-286.28235188498985
623,261.56417406786045,-285.3414647518839
624,261.9648048247203,-284.40213517367965
625,262.39305785896545,-283.4750729366067
626,262.82143717075917,-282.5480690439023
627,263.2610419522963,-281.62633552008333
628,263.70117363648217,-280.7048534778671
629,264.15188831698794,-279.78850129065916
630,264.596633639639,-278.86923710371315
631,265.0403723769776,-277.94948659615926
632,265.5014409994181,-277.03830013090203
633,266.002931075769,-276.14872002789093
634,266.52386875842376,-275.27038695665
635,267.02677565613266,-274.3816070592725
636,267.5479125060183,-273.50339214206883
637,268.08370541605933,-272.6340412293928
638,268.6172150349306,-271.763287219901
639,269.1557803013736,-270.8956510524833
640,269.6932097523547,-270.0273108879538
641,270.2545451534361,-269.1742296280011
642,270.82208892826964,-268.3252660700075
643,271.40163339256014,-267.4844490433141
644,271.99298483474274,-266.65189362335803
645,272.5953461750543,-265.827268938473
646,273.2078862616331,-265.01017671668365
647,273.83028665950593,-264.2005701456725
648,274.4616256721999,-263.39791448965167
649,275.1033700106262,-262.60355358061014
650,275.7677614728607,-261.82803501807433
651,276.46743374668193,-261.0841911069824
652,277.18195448903253,-260.35459864818705
653,277.8974447323155,-259.62595693042243
654,278.6228341787089,-258.9071696212673
655,279.3464246743784,-258.1865713595152
656,280.07418222095265,-257.47018179401624
657,280.7416044999347,-256.69989078622984
658,281.068808740793,-255.73253229182924
659,281.39094217508284,-254.7634734113443
660,281.75900361951534,-253.81091063946727
661,282.1742244931884,-252.87793867650257
662,282.62928423155813,-251.96373645563597
663,283.12624698722937,-251.07161926375372
664,283.6462383202398,-250.19272559695665
665,284.18234531208384,-249.32356833019765
666,284.7306734835904,-248.46206889286645
667,285.26139971905513,-247.5896156108376
668,285.7974300287392,-246.72041104948443
669,286.3401768528194,-245.8553844901899
670,286.8646056907441,-244.97913141076202
671,287.3760197494826,-244.09521924072175
672,287.9106278627462,-243.2251392232356
673,288.46439801289426,-242.36712774738027
674,289.0159031314367,-241.50765862721624
675,289.55574768859424,-240.64081787031495
676,290.1031066404794,-239.77870232071538
677,290.63766406681054,-238.9085911765162
678,291.16873970257603,-238.0363505463107
679,291.7204913636511,-237.1770396890993
680,292.27089632435644,-236.31686562302977
681,292.80660432576764,-235.44746238951024
682,293.33756923804106,-234.5751543536956
683,293.86002874733504,-233.69772566054004
684,294.3725785596215,-232.81447160092273
685,294.8737223504271,-231.92469637772837
686,295.3753468065592,-231.03519204888315
687,295.9076338569857,-230.16369015590988
688,296.4228972786187,-229.28201638093714
689,296.9212583338584,-228.39067956934355
690,297.40605063101293,-227.4918906723416
691,297.8726576557557,-226.58352789454653
692,298.30258419694076,-225.65724056462668
693,298.7009892487784,-224.71696482665857
694,299.10841955306677,-223.78056448609354
695,299.52554694093305,-222.84844336042812
696,299.9163776430084,-221.90499415218676
697,300.31626927823464,-220.9653496817783
698,300.72513693377203,-220.02957605049565
699,301.1431035890584,-219.0978309528089
700,301.568748580514,-218.16956838455172
701,302.00219346377577,-217.24492219011248
702,302.44365052644133,-216.32407436661435
703,302.8933991031318,-215.40724762611805
704,303.3510191383291,-214.4943243236775
705,303.82219403235115,-213.58832252043217
706,304.3445464866933,-212.7108300903354
707,304.8818348219781,-211.84240260461706
708,305.40517916565005,-210.96550138324102
709,305.91040303311615,-210.07803651114375
710,306.4049855977018,-209.18459757254033
711,306.89599968155346,-208.28919251195234
712,307.3802957636721,-207.39013614048534
713,307.84842498842283,-206.4825568997331
714,308.3372584911182,-205.5859595205323
715,308.84397548007746,-204.69940977991394
716,309.4191018247063,-203.8555645640517
717,309.9742183694387,-202.99842357007043
718,310.5269411092683,-202.1397370006042
719,311.08105474161357,-201.28194732024443
720,311.62450993408515,-200.4173656246557
721,312.1547880439976,-199.54463990465013
722,312.6894901748861,-198.67461766973477
723,313.230885191056,-197.80874441861627
724,313.7525184780699,-196.93082428197343
725,314.2527930728931,-196.04056005730223
726,314.7296395701425,-195.1375304500709
727,315.20992720526937,-194.2363263434555
728,315.69740455857874,-193.33899090759624
729,316.19176088475024,-192.4454267665209
730,316.6936778378074,-191.55608744628802
731,317.16696153994724,-190.65118547127523
732,317.6121790847561,-189.73214989480786
733,318.0598339297609,-188.81429904121734
734,318.51474973970534,-187.90002520115485
735,318.97613673719906,-186.98899990458145
736,319.4606946003858,-186.09008459402995
737,319.9522170456083,-185.19495848453266
738,320.44691308995044,-184.3015823660084
739,320.9484775269676,-183.41204418333342
740,321.4374911306365,-182.51554501088785
741,321.8980128561844,-181.60408201068464
742,322.3306207095788,-180.67904389642382
743,322.7659253087536,-179.75527175735704
744,323.2246920839996,-178.8429241737165
745,323.6884897615123,-177.93312376450197
746,324.1425291095341,-177.0184143353265
747,324.6116533459058,-176.1113490018137
748,325.0949898106162,-175.2117763648924
749,325.5866178851148,-174.31670826268976
750,326.08685054792676,-173.42642047168007
751,326.60297373011514,-172.54524969682018
752,327.14223158422897,-171.67804381544542
753,327.7051284349206,-170.82599204654798
754,328.3170927604106,-170.008468506362
755,328.5687717389089,-169.02395700150825
756,328.6649395318427,-168.00729736669595
757,328.77010001719066,-166.99152852597513
758,328.88449364667156,-165.97675803034963
759,329.0421637248658,-164.96780550055016
760,329.23972086388625,-163.9658991927019
761,329.44835900603124,-162.96624165243625
762,329.6773216718207,-161.9710425884739
763,329.9578325823488,-160.98912675630922
764,330.2633548983667,-160.01470324204237
765,330.59748105543525,-159.04971371629048
766,330.9603601039864,-158.09516467503306
767,331.34884205511895,-157.15074588660667
768,331.76420774618697,-156.21783837883078
769,332.22509555420845,-155.3065604240348
770,332.6798385732445,-154.39220061199237
771,333.1622016547374,-153.49210564974072
772,333.6714190636643,-152.6069261742855
773,334.20674528335843,-151.73728779483463
774,334.7684154000304,-150.8844268740288
775,335.3547838967357,-150.0483544762333
776,334.99144183252565,-149.19886039596778
777,334.12785885360245,-148.65381956537382
778,333.29032150095276,-148.06954543630036
779,332.47892242532487,-147.44948365228024
780,331.68678397621375,-146.80499799974308
781,330.91970490373365,-146.13088022831792
782,330.1773429979976,-145.4296357059033
783,329.45238533135205,-144.7104128955334
784,328.74812525718033,-143.97091116230257
785,328.0579279675833,-143.2182673083555
786,327.39011321945054,-142.44569463550428
787,326.7399356607691,-141.65822132549744
788,326.1074862196302,-140.85644031945066
789,325.50208142957973,-140.03404739592946
790,324.93164666685976,-139.187023633727
791,324.382110475977,-138.32629425968767
792,323.8555213391055,-137.4513377111742
793,323.3553117029048,-136.5610369716423
794,322.8651809364783,-135.66514807460803
795,322.38458891439603,-134.7641062396492
796,321.9311972771337,-133.8490755774015
797,321.49479819949744,-132.9258199639625
798,321.08677591149586,-131.98967739900291
799,320.7121110015488,-131.03969250989982
800,320.33546899058496,-130.0904897446661
801,319.9948626644268,-129.12776838348998
802,319.6475787329463,-128.1674356498822
803,319.3016631211738,-127.20660919812254
804,318.99141741408715,-126.23367924937841
805,318.6912126087954,-125.25760437633146
806,318.40875043450217,-124.27624806488116
807,318.1106344705253,-123.30361112883912
808,317.32641435893316,-122.6495133545227
809,316.5428594087648,-121.99461891809453
810,315.767454731826,-121.33009452631745
811,315.00548000064504,-120.65021248517657
812,314.2416032254346,-119.97246816546104
813,313.4813742613788,-119.29063459926904
814,312.7248383595069,-118.60470565490448
815,311.9650537245168,-117.9223769920164
816,311.19990324222584,-117.24607097908856
817,310.4322917974454,-116.5725594691295
818,309.67331175072286,-115.88933595008581
819,308.916106728211,-115.20414573191391
820,308.1572887882796,-114.52074217151032
821,307.39471089192455,-113.84153672048184
822,306.62792208901607,-113.16708877702351
823,305.8589263973392,-112.49515818547502
824,305.0915610747445,-111.8213662598112
825,304.3267196080162,-111.14471080375421
826,303.56049131957883,-110.46962615275652
827,302.7948004675833,-109.79393199670207
828,302.0304119161666,-109.11676494115721
829,301.2644035168222,-108.44143079569729
830,300.49762864765563,-107.7669670260193
831,299.7292526950828,-107.09432783883379
832,298.9551962948582,-106.4282334234361
833,298.18018969437196,-105.76324482155793
834,297.40509734258364,-105.0983561709669
835,296.6288032397971,-104.43487102421918
836,295.8511301123071,-103.77300277681427
837,295.07484934999644,-103.1095020230014
838,294.2936427646547,-102.45180806015546
839,293.5092266191543,-101.7979453954481
840,292.7235058385538,-101.14565103048076
841,291.93207114040126,-100.50030135445398
842,291.1378566306977,-99.85837581535036
843,290.3348275135904,-99.22751186775713
844,289.53016188542665,-98.59873662090942
845,288.72719317835475,-97.96779578937007
846,287.92606818634516,-97.33451557201985
847,287.12598504432526,-96.69991959631749
848,286.3306084766303,-96.0594344693519
849,285.5447381139759,-95.40732031991826
850,284.76441919329625,-94.74857342280154
851,283.994547710229,-94.07764645707128
852,283.2306681188806,-93.39990531126699
853,282.4618369119148,-92.72778652439675
854,281.6941697983349,-92.05433846552762
855,280.92561765633707,-91.38190059514447
856,280.16387282664476,-90.7017609773453
857,279.4064998428908,-90.0167564111554
858,278.65533229817294,-89.32495267010556
859,277.90727692332536,-88.62978488869732
860,277.1515925303729,-87.94291795126267
861,276.4173816740084,-87.23314367826647
862,275.6980876607259,-86.50825663929577
863,274.69580061471805,-86.55875908212833
864,273.682905132864,-86.68871227086686
865,272.6669629424373,-86.7921847458209
866,271.64982088152846,-86.88310841981924
867,270.63204426053306,-86.96662986279553
868,269.61314473535026,-87.03510499911611
869,268.593108903821,-87.08380811780698
870,267.5722685061817,-87.11082604332223
871,266.5511413943031,-87.12284703129785
872,265.52997439025364,-87.11490754221337
873,264.5089376473764,-87.09676785554787
874,263.4881710330216,-87.067093063806
875,262.4678364692842,-87.02511144387759
876,261.44796715149533,-86.97303794467142
877,260.4295162001182,-86.89818655257065
878,259.41240458930343,-86.80692293741141
879,258.58045587781044,-87.356809904114
880,257.79581120554906,-88.01039831653489
881,256.9931869363112,-88.64177724953421
882,256.18175961961975,-89.2618020740704
883,255.35543688940078,-89.86183192197085
884,254.52374108692948,-90.45439176732476
885,253.68360684794837,-91.03492560522264
886,252.84272808970172,-91.61438051304768
887,252.00490634438808,-92.19824675910448
888,251.1634469555353,-92.77685817836905
889,250.32673672614513,-93.36231617802504
890,249.48212416648084,-93.93631503814422
891,248.63045483445208,-94.49979033800884
892,247.77892719547526,-95.06347973841108
893,246.92960058540584,-95.63048006763604
894,246.07771570490772,-96.19362943708848
895,245.2232117305247,-96.75279669036713
896,244.37122210500246,-97.31578757456927
897,243.5126961011771,-97.86875968880771
898,242.65100182617948,-98.4167816182113
899,241.7970256213692,-98.97675456414953
900,240.93628115772583,-99.52626709973833
901,240.07772068421747,-100.07918569555068
902,239.2171196776321,-100.62892287293437
903,238.35538162188183,-101.17687596555417
904,237.49639655400438,-101.7291347096632
905,236.64701243735533,-102.29604887766999
906,235.80738721441642,-102.87731865113447
907,234.98377201959423,-103.48105955124805
908,234.15997013204358,-104.08454568846312
909,233.3332028422459,-104.68396283197606
910,232.5050188644623,-105.28142108540169
911,231.677369516797,-105.87961973095825
912,230.84544441035848,-106.47185758796012
913,230.01240335830127,-107.06252472078285
914,229.17755416996584,-107.6506334657019
915,228.3414757347388,-108.23699335207769
916,227.509678560819,-108.82941087534083
917,226.68434614550728,-109.43080214210124
918,225.8528771121928,-110.02368012132969
919,225.0230086733273,-110.61879642992896
920,224.19596310868846,-111.21782955795177
921,223.36187626476251,-111.80701899305792
922,222.53156112890204,-112.40151191367995
923,221.7191995806927,-113.02031219242319
924,220.90997632968958,-113.64321089844901
925,220.1061686318338,-114.27308251441508
926,219.29147037232696,-114.88880307978665
927,218.47243603450025,-115.4987439114067
928,217.6445167852409,-116.0965689593696
929,216.83431191826043,-116.71819033782909
930,216.02637872729022,-117.34276141014264
931,215.21709141595605,-117.9655768746441
932,214.39889099377348,-118.5766359003109
933,213.58282723436594,-119.1905455031113
934,212.76298154478062,-119.79939532225173
935,211.94157318524887,-120.40613526966035
936,211.12464371702288,-121.01889241007197
937,210.30522340635812,-121.62831460931838
938,209.4730702604146,-122.22023200635006
939,208.6438161773421,-122.81620409391307
940,207.81169540315082,-123.40816701093935
941,206.9807867774793,-124.0018301597081
942,206.14845259435484,-124.59349297041247
943,205.31827669437126,-125.18818032299936
944,204.4871442342628,-125.78153006240396
945,203.63434916533174,-126.34282297138273
946,202.74885110356132,-126.85148616538811
947,201.86044110646841,-127.355046236135
948,200.985129094931,-127.88104428348656
949,200.1102137007688,-128.40770178475034
950,199.23466570718043,-128.9333069357889
951,198.35873330382657,-129.45827121284205
952,197.47963740657033,-129.97792058163466
953,196.5993297191605,-130.49551448075948
954,195.71377147757568,-131.00407290490904
955,194.82435482118268,-131.50585281908474
956,193.9436391977008,-132.0227522920821
957,193.06175216092424,-132.5376506535203
958,192.17590692274945,-133.0457090020737
959,191.28902102757849,-133.55194855264867
960,190.402695260104,-134.0591681350109
961,189.51955768822162,-134.57191865978334
962,188.63158632305124,-135.0762518057623
963,187.74292692454287,-135.57937161660269
964,186.8575255582412,-136.08820311021316
965,185.9703262795188,-136.593893241482
966,185.08512404598866,-137.1030710842657
967,184.20329975239596,-137.61807689990954
968,183.32324367556436,-138.13609849430415
969,182.44460124025775,-138.65651423889233
970,181.55774891679434,-139.16281259867472
971,180.67321414984605,-139.6731490761361
972,179.79105334415848,-140.18757825459267
973,178.9038278283065,-140.693222352234
974,178.0183273916701,-141.20188141967736
975,177.1344481173525,-141.71335233922625
976,176.25409031785867,-142.23086100503954
977,175.37541210005296,-142.75121632104614
978,174.49874957026023,-143.2749604182723
979,173.62404213686483,-143.80196324148434
980,172.74263210559454,-144.31767772279568
981,171.8721259997259,-144.85159175374153
982,170.99210139812257,-145.36966680795442
983,170.10606708027044,-145.87739533151296
984,169.21796546485078,-146.3814990787334
985,168.3211505125567,-146.86993331161628
986,167.41958049957285,-147.34953373293916
987,166.51224340722754,-147.8181321257896
988,165.59624066042178,-148.26955656817748
989,164.67593619792052,-148.71214526506458
990,163.75708634809394,-149.15774599153835
991,162.83687032274003,-149.60051853596616
992,161.91782495334286,-150.0457158696598
993,160.99994907888288,-150.49331940876996
994,160.0832276974385,-150.94328269722425
995,159.16621049767383,-151.39264281207832
996,158.25012800867918,-151.8439054092335
997,157.33516760331207,-152.29743877974408
998,156.421089595659,-152.75274795997913
999,155.50767695689268,-153.20939049649058
1000,154.59484238187446,-153.6671875063358
1001,153.67352800285917,-154.10767005360722
1002,152.74408745812693,-154.53073664177097
1003,151.8046578146123,-154.9311327041511
1004,150.86873342566093,-155.33965515951914
1005,149.92882573611652,-155.73892775001343
1006,148.99648801913244,-156.15557082360047
1007,148.06885741756952,-156.5825913560147
1008,147.1318043245686,-156.98851815792565
1009,146.19088388147225,-157.3853982279728
1010,145.25439914286224,-157.79263452634612
1011,144.31112881919742,-158.1838967953759
1012,143.36640891103173,-158.57164589482954
1013,142.42134531505076,-158.95855656819765
1014,141.48129517406014,-159.35749365973004
1015,140.53994836895856,-159.75336138729483
1016,139.5911660105502,-160.13106114145404
1017,138.6436236589853,-160.51186103607833
1018,137.6870972700912,-160.8694953941034
1019,136.73692248760267,-161.243678438021
1020,135.7903603280207,-161.62690832725997
1021,134.8513517072622,-162.02829078741243
1022,133.91800759832557,-162.44267448632917
1023,132.9803615405234,-162.84722972463763
1024,132.05187271224216,-163.27238095119523
1025,131.1242440125446,-163.69940560785537
1026,130.19643654337645,-164.12604171765176
1027,129.27788676824,-164.572260702846
1028,128.3525219173288,-165.00416922718588
1029,127.42751570578967,-165.43684529840246
1030,126.50043813099634,-165.86506515332692
1031,125.57942710676463,-166.30618166460508
1032,124.67225892085453,-166.77510698860956
1033,123.77404147911813,-167.2609572894077
1034,122.88362199362963,-167.7609554986072
1035,121.9972320113985,-168.26806285612258
1036,121.10586440500398,-168.76636884525178
1037,120.19907084050753,-169.23601818090611
1038,119.29595281872002,-169.7126972327277
1039,118.4040979181906,-170.2101305590361
1040,117.76375118332972,-169.8934553281809
1041,117.84998858679948,-168.87590521966067
1042,117.92791156678722,-167.85768465496034
1043,117.98854409173664,-166.83828835913704
1044,118.05313285750722,-165.8191350806496
1045,118.1151842491275,-164.79982417007122
1046,118.16301178418148,-163.77974690138691
1047,118.18978051021175,-162.7588999287122
1048,118.20719589358285,-161.73785056550815
1049,118.19007234643814,-160.71679626372486
1050,118.13609808866772,-159.6970257562907
1051,118.03414125299632,-158.68093033546913
1052,117.89912418090071,-157.66869741106885
1053,117.7529883308288,-156.65800981703057
1054,117.5690718423676,-155.65351002894323
1055,117.37754202098974,-154.65043404327764
1056,117.17758768041271,-153.64900338505436
1057,116.94981636802548,-152.6535309693691
1058,116.6992247485058,-151.66355675872552
1059,116.44070832609403,-150.67562237007482
1060,116.17452336757508,-149.68972650045242
1061,115.87277247325443,-148.71412848338758
1062,115.54188092130842,-147.74802503562637
1063,115.20814341284134,-146.7829010181836
1064,114.86972654772268,-145.8194078335892
1065,114.54492202506293,-144.85124094963467
1066,114.19389322128727,-143.89227073714224
1067,113.81289079237929,-142.94480979097685
1068,113.4093543955687,-142.0067247917982
1069,112.97767983167445,-141.08125077505557
1070,112.52267809945359,-140.16701967318906
1071,112.0427997111539,-139.2655975605093
1072,111.53669895909977,-138.3786324406086
1073,111.0060470845749,-137.5061339135294
1074,110.45070683616258,-136.64913781787436
1075,109.89221495338236,-135.7941922559282
1076,109.30940078657387,-134.9556382949731
1077,108.72513493892549,-134.11809515116008
1078,108.11762308296582,-133.2972575057582
1079,107.48911221224056,-132.49238535339936
1080,106.83837113317455,-131.7053776352756
1081,106.16498955279711,-130.9376521974156
1082,105.46996024718202,-130.18946815080622
1083,104.7536566593221,-129.46162594737504
1084,104.01686898062242,-128.7545269301511
1085,103.26057919418966,-128.06832662067026
1086,102.48507282509792,-127.40392089147709
1087,101.69037066561306,-126.76259914424395
1088,100.87627032399732,-126.14608820570477
1089,100.04746799005673,-125.5494880120162
1090,99.20031519004286,-124.97924487281588
1091,98.33618978787479,-124.43506439654008
1092,97.45715085719813,-123.9153186381099
1093,97.67411968017866,-123.2539604951239
1094,98.57522898314251,-122.77349498896018
1095,99.47670736482064,-122.29372232871465
1096,100.37874622040273,-121.81500426172555
1097,101.28129552987663,-121.33724927395383
1098,102.184454466587,-120.86064775564957
1099,103.08819445614158,-120.38514894845561
1100,103.99248053278747,-119.91068948842418
1101,104.89744776767824,-119.4375305481823
1102,105.80309912962791,-118.96568238381091
1103,106.70934372855022,-118.49497461321944
1104,107.616329135969,-118.02569586028828
1105,108.52517495705919,-117.56003037106312
1106,109.43478180980675,-117.09585321390003
1107,110.34513257611925,-116.63313673424712
1108,111.25627611734147,-116.17198328084609
1109,112.16845014656293,-115.71287152210347
1110,113.08152064614109,-115.25554524028568
1111,113.99490547261739,-114.79884706997272
1112,114.91125394121705,-114.34812482221345
1113,115.83065769276432,-113.90366807080058
1114,116.75440551401289,-113.4683118605622
1115,117.67927469228238,-113.03534297099266
1116,118.60658557943388,-112.60762860780808
1117,119.53516414022693,-112.1826734154739
1118,120.46562528156633,-111.76185620714385
1119,121.39749173270765,-111.34416017722612
1120,122.33108570673213,-110.93033974625347
1121,123.27632575378671,-110.54386036307407
1122,124.2322603029568,-110.18464705934443
1123,125.18997687454464,-109.83021225186529
1124,126.14925995735885,-109.48003938896197
1125,127.08330947401784,-109.06724821338524
1126,128.00661636849242,-108.6309576676316
1127,128.93145914467115,-108.19793238108063
1128,129.85777976476115,-107.76807755621283
1129,130.78535456283882,-107.34093582987576
1130,131.7262555223996,-106.9440095896631
1131,132.66309698815357,-106.53759461760158
1132,133.6008276419283,-106.1332355205956
1133,134.52792958222523,-105.70506844887758
1134,135.4549289598443,-105.27667936949699
1135,136.39396287904555,-104.87535612206031
1136,137.34136241100705,-104.49420106740476
1137,138.2883890900819,-104.11212055913005
1138,139.23391287125818,-103.7263358692789
1139,140.177415486793,-103.33563411220712
1140,141.11731167696448,-102.93633447479104
1141,142.05033549310315,-102.52123014377332
1142,142.99007127532153,-102.12155314354112
1143,143.9253755621001,-101.71161298045355
1144,144.8531724684361,-101.28495393213416
1145,145.77193611955002,-100.83917551273434
1146,146.68039940474208,-100.3727642150977
1147,147.57598206934392,-99.8820741642344
1148,148.46879707885267,-99.38636618876572
1149,149.35354127022686,-98.8763929014255
1150,150.22100433611297,-98.33754889402918
1151,151.0785274888984,-97.78302290336924
1152,151.90962318451813,-97.1896217111396
1153,152.71158097470575,-96.55739648634624
1154,153.490566676115,-95.89707359711463
1155,154.2608605859794,-95.2266317036197
1156,155.0292795283553,-94.5540416598765
1157,155.7887434069114,-93.87135603942525
1158,156.50120661949302,-93.13975422960002
1159,157.1962535393154,-92.39158659441883
1160,157.84870472125039,-91.60599606057981
1161,158.4911457057271,-90.81219847042068
1162,159.1464112919566,-90.02895390470003
1163,159.77103020048685,-89.22105771564495
1164,160.40321954966518,-88.4208562509171
1165,161.39972264495245,-88.19763749480225
1166,162.39642561895138,-87.97531293360242
1167,163.3902484630544,-87.74044874774896
1168,164.37577172800675,-87.47288768018352
1169,165.36306156388392,-87.21192060680112
1170,166.34859090949388,-86.94438193321761
1171,167.32821433984728,-86.65596735371018
1172,168.30487112932477,-86.35766122569429
1173,169.27863227909597,-86.05003441457464
1174,170.25694023478593,-85.75718876233887
1175,171.23917385145336,-85.47779270966353
1176,172.22063177839203,-85.19568391797984
1177,173.19589579145793,-84.89285536104283
1178,174.17228836030532,-84.59368553123336
1179,175.1498441613875,-84.29833880409434
1180,176.1276294036135,-84.00375255776544
1181,177.10492821492184,-83.70755655329376
1182,178.0823916845457,-83.41190437612022
1183,179.0611004186214,-83.12040093035262
1184,180.04253469239111,-82.83820983942871
1185,181.02659831410045,-82.56532922027964
1186,182.01414895176575,-82.30535079851377
1187,183.00230467419786,-82.04768180469048
1188,183.99110069233302,-81.79248094989623
1189,184.98016756615303,-81.53833185701889
1190,185.96971106041204,-81.28604487783184
1191,186.95467036881038,-81.01641511233018
1192,187.93969781537294,-80.74703438436008
1193,188.9231066011698,-80.4718031902327
1194,189.9016712825762,-80.17981652013832
1195,190.8808767399165,-79.8899860130197
1196,191.79176458920043,-79.42900460088498
1197,192.6811632703667,-78.92719285358079
1198,193.57470429400087,-78.43279475961477
1199,194.47906763413377,-77.95848263784356
1200,195.38201857844183,-77.48148721544293
1201,196.27268267399424,-76.9819248979902
1202,197.17212777972256,-76.49835118277811
1203,198.07600104468412,-76.02310579987508
1204,198.97728345383,-75.54296512459376
1205,199.8791892412936,-75.06399644119671
1206,200.78772959462677,-74.59773527379923
1207,201.69172442951597,-74.12272117648178
1208,202.5935031715789,-73.64351333805992
1209,203.4916014999382,-73.15744292886625
1210,204.38659894157533,-72.66568625022884
1211,205.28918865612061,-72.1880076381723
1212,206.20081282867653,-71.72780505402045
1213,207.10780311116736,-71.25853574552644
1214,208.0108084420052,-70.78164327922548
1215,208.9121577350356,-70.30162816658967
1216,209.81160019406377,-69.81804951408985
1217,210.71650036804294,-69.34476235860426
1218,211.61905504569128,-68.86701754056331
1219,212.52910292916556,-68.40370565893589
1220,213.42700376053907,-67.91727050393972
1221,214.33435751196188,-67.44870436741482
1222,215.23814009376252,-66.97328655086879
1223,216.13762214718676,-66.48978154337787
1224,217.04328934023874,-66.01796379083729
1225,217.95585712748468,-65.55963520700932
1226,218.86674805197634,-65.09798298282843
1227,219.78520192610856,-64.65156665837257
1228,220.71922890318322,-64.23872448927885
1229,221.65161370402365,-63.82218681208514
1230,222.58279864516686,-63.40297366422208
1231,223.52510411464857,-63.009393351684366
1232,224.47188596415768,-62.626706549464224
1233,225.42417383916603,-62.25793444205474
1234,226.38492584664192,-61.911812152123176
1235,227.34218074410003,-61.556132344188796
1236,228.30246531806117,-61.20871530394486
1237,229.26194062511047,-60.859069490225025
1238,230.22164104308519,-60.5100420340162
1239,231.1785887872857,-60.15353667058664
1240,232.13469014663204,-59.79476759960372
1241,233.10054460990145,-59.463150020134215
1242,234.07370597487898,-59.15363099522781
1243,235.04477190784635,-58.83759931087664
1244,236.0130646829202,-58.51317032271398
1245,236.9817715661867,-58.189979895014986
1246,237.95638908010443,-57.8850770114631
1247,238.93261717939365,-57.58537087260299
1248,239.9092090553577,-57.28685222967433
1249,240.88495256807082,-56.98557218185596
1250,241.86244633315602,-56.69002013463595
1251,242.84994338483352,-56.429838165286704
1252,243.8365228819307,-56.16619829270633
1253,244.82907346846645,-55.92601416293045
1254,245.823276108035,-55.6927628003178
1255,246.81962071023102,-55.46883754229715
1256,247.8143485116784,-55.23783604990746
1257,247.01304843676397,-54.653590753382844
1258,246.17550348580292,-54.06932749638762
1259,245.36018257881574,-53.45443163658061
1260,244.5613305961405,-52.8182865224284
1261,243.78080499417052,-52.15978452221876
1262,243.020693109761,-51.477820429812354
1263,242.27398286688353,-50.781207967726324
1264,241.54080111758037,-50.07037069451332
1265,240.84424124622836,-49.32361139668272
1266,240.16448490478615,-48.561524510819936
1267,239.49978788595328,-47.786267794259544
1268,238.85710975403566,-46.99266214665754
1269,238.23629769377467,-46.18183695362615
1270,237.62770923514003,-45.36179719653726
1271,237.03331172216804,-44.53141372407909
1272,236.4589814249369,-43.687026475804956
1273,235.89370827214506,-42.836549332199056
1274,235.2826434825596,-42.02140417392942
1275,234.59819109491988,-41.26353213461699
1276,233.9280171785709,-40.49300502774847
1277,233.26636888974755,-39.71514473758674
1278,232.61240137027826,-38.93081599160918
1279,231.96480699438834,-38.14121696689827
1280,231.31862725173644,-37.350459840768686
1281,230.67368035505513,-36.55869687589566
1282,230.0425389537654,-35.7558857994345
1283,229.42470412639165,-34.942789729492866
1284,228.80678797841964,-34.12975545725488
1285,228.19068467300204,-33.31534658644379
1286,227.57814807209692,-32.49825172942183
1287,226.98113907842023,-31.66974382230775
1288,226.3900897643212,-30.83697386705145
1289,225.79929613057587,-30.004022505692106
1290,225.21961493622808,-29.163299721977225
1291,224.6467684134938,-28.31790517091428
1292,224.07661699429738,-27.47069065042851
1293,223.5096099684261,-26.621368497597626
1294,222.96361685139425,-25.75838726736699
1295,222.43162052814856,-24.886707850915872
1296,221.91082845092413,-24.008288412862548
1297,221.42616864105275,-23.1094280435294
1298,220.94218885007254,-22.210201351502945
1299,220.45757250418688,-21.311317550786253
1300,219.9819645689528,-20.407634981788714
1301,219.51447459217786,-19.499726277295757
1302,219.08211044836892,-18.57457421766196
1303,218.64877073231932,-17.649878711160333
1304,218.23035324490655,-16.718335959602864
1305,217.81082345922343,-15.787293615262866
1306,217.39156723273697,-14.856128051163571
1307,216.99081920705987,-13.91684848271659
1308,216.6114142378199,-12.96874672214744
1309,216.22971139505916,-12.021567741764262
1310,215.87502590290833,-11.063943977383278
1311,215.3166771947278,-10.216719434868988
1312,214.6216183536324,-9.468562840504097
1313,213.9235990264845,-8.723167576361675
1314,213.24190134678906,-7.962816764972132
1315,212.55731396989555,-7.2050666692296375
1316,211.8735091960788,-6.4466102679153865
1317,211.18852677822235,-5.689217263553006
1318,210.50877477318429,-4.927126527945523
1319,209.82601848303736,-4.167726155034504
1320,209.138322866009,-3.412795820203428
1321,208.44793514063315,-2.660326645869893
1322,207.73596042987907,-1.9282494075482532
1323,207.0275993366172,-1.1926750514639255
1324,206.3166095202607,-0.4596412509354203
1325,205.6077705387403,0.27547259910309074
1326,204.89444988397867,1.00623844076323
1327,204.1848213783594,1.740590165815392
1328,203.47468585426182,2.474451601511963
1329,202.762675390601,3.206494066848726
1330,202.06062841250784,3.948097135677498
1331,201.36105349804092,4.692032622156014
1332,200.66379519224208,5.438139803965103
1333,199.9682610251999,6.185854515801559
1334,199.2847367584206,6.944563714240267
1335,198.60335142548385,7.705194437019678
1336,197.92587714374622,8.469310701632113
1337,197.25642860189214,9.240468092687072
1338,196.58684323540083,10.011506680198895
1339,195.92002832829849,10.784942487658515
1340,195.23313074429063,11.540599008766184
1341,194.5508931928904,12.300465440188367
1342,193.86983705902293,13.06139093524807
1343,193.1872507514261,13.820944097565791
1344,192.50109279805577,14.577272288058685
1345,191.812508153211,15.331391808961211
1346,191.11313983721425,16.075521517545162
1347,190.41526961269028,16.821056368021964
1348,189.71599775842918,17.565276722743906
1349,189.01519111765742,18.308052002030337
1350,188.2874084223038,19.024416027516875
1351,187.56138338122776,19.742561351186453
1352,186.8404758515784,20.465843730499966
1353,186.12013276217564,21.189688255859462
1354,185.40094910868433,21.914684763871772
1355,184.68537301436447,22.64324218817851
1356,183.97202383469835,23.373980182961063
1357,183.26264204752738,24.10857023762111
1358,182.5624007719588,24.851878535742507
1359,181.85447465631972,25.587871527839326
1360,181.14998520725524,26.327154754809857
1361,180.44092146679537,27.06205181186302
1362,179.71130600570484,27.776549082014792
1363,178.990493715291,28.499926379592132
1364,178.26007760711286,29.213605143152687
1365,177.52262718636973,29.9200129165715
1366,176.7839790894344,30.625168261047687
1367,176.0352882616011,31.31965160313762
1368,175.29092033619395,32.01876637697786
1369,174.5425664656139,32.713612803193286
1370,173.7921785077686,33.40626205314234
1371,173.03068558068264,34.08668368357156
1372,172.27122893460646,34.76937737489207
1373,171.51925019435515,35.46029925305621
1374,170.76986078882834,36.15402873552207
1375,170.00984523015813,36.83610015553809
1376,169.2471648408283,37.51519049658165
1377,168.48018252040052,38.18941834313395
1378,167.71091869012974,38.861041918522524
1379,166.9400244754387,39.530793498759856
1380,166.1564210223957,40.185629889189705
1381,165.3798312971108,40.84876899306044
1382,164.61424827466024,41.52458531807942
1383,163.852812089072,42.20507044253255
1384,163.09316659762047,42.887553995514175
1385,162.344705085604,43.58228447427798
1386,161.60032977005875,44.28139138097558
1387,160.86437702714625,44.98935934821738
1388,160.1253515033611,45.69411913495691
1389,159.78553395615015,46.57211576498892
1390,160.11750618223692,47.53784840785956
1391,160.45118209856514,48.50299372263019
1392,160.7785480615051,49.47029751251937
1393,161.07775529501504,50.4466786412932
1394,160.64382663597272,51.294068965055025
1395,159.9151603211845,52.00953418715019
1396,159.1985093651598,52.73703434831899
1397,158.47821792518386,53.46093028390271
1398,157.75950247797212,54.18639095413995
1399,157.0426808530229,54.91372295606882
1400,156.3414744371529,55.65612085572566
1401,155.61811984603585,56.376955936724904
1402,154.89727352458698,57.100299329128525
1403,154.1801242949291,57.82730831425032
1404,153.4561310807095,58.547501978684515
1405,152.73934374079428,59.27486776752794
1406,152.03940210694356,60.01845824026391
1407,151.32775153481148,60.750850583790466
1408,150.60532912045335,61.47261989382323
1409,149.87968152098713,62.191146614728765
1410,149.1290530363591,62.88353520411747
1411,148.36805093155525,63.56450574502852
1412,147.59682732003594,64.23387800497952
1413,146.82795579147847,64.90595066134134
1414,146.06947075288474,65.58972367058541
1415,145.32155984736178,66.28504687688576
1416,144.56921434456513,66.97556938153991
1417,143.81368689243934,67.66260893601746
1418,143.05353629980763,68.34452986921585
1419,142.30803213217152,69.0424328865252
1420,141.57886767567246,69.75739042315418
1421,140.8408773601043,70.4632341586751
1422,140.10420782806497,71.17045624875641
1423,139.35031378172383,71.85928776173968
1424,138.57967879395508,72.52933760752788
1425,137.79929106438178,73.18800298000868
1426,137.00369084445123,73.82821026748172
1427,136.20759901108866,74.46780613327836
1428,135.402865721395,75.09649477726607
1429,134.58973058696955,75.7142781794483
1430,133.77903261662394,76.335256343478
1431,132.97012207252428,76.95856109350221
1432,132.15681110520327,77.57611299509138
1433,131.35416932378274,78.20746966840103
1434,130.56240226639764,78.85241152891156
1435,129.77397585969788,79.50143300542237
1436,128.98306629678817,80.14742614758053
1437,128.19598134948228,80.79807379587277
1438,127.40522076773418,81.44424929755203
1439,126.61433270825717,82.090268763476
1440,125.83482489311085,82.74997524499895
1441,125.06348484198811,83.4192133190908
1442,124.2943241115032,84.09095497063232
1443,123.51983285835645,84.75654371491525
1444,122.75104649180695,85.42871378228428
1445,121.99469056586824,86.11484117270595
1446,121.24977554541807,86.81337298536941
1447,120.51663509724213,87.52425283836797
1448,119.79452126285696,88.24633087623867
1449,119.06501284509397,88.96093744608262
1450,118.33343006919533,89.67342023528145
1451,117.59767987544998,90.38159869739027
1452,116.86127453469052,91.08909587562582
1453,116.13541336986384,91.80740684620257
1454,115.41817261093247,92.53432553253742
1455,114.70939956444253,93.26950296143646
1456,113.98794422475514,93.99223892611778
1457,113.27573217288506,94.72408527480782
1458,112.57360386585361,95.46561135291503
1459,111.868149455419,96.20397384474758
1460,111.1490163603205,96.92902052121273
1461,110.41247557119732,97.63637669654891
1462,109.68628671062358,98.3543563837445
1463,108.9566890767249,99.06887187431883
1464,108.22529915651432,99.78155264295806
1465,107.49468459259334,100.49502825708133
1466,106.77115197925997,101.21568466023653
1467,106.06063586335945,101.94917763460347
1468,105.36050942180727,102.69259411368714
1469,104.65987653766797,103.43553331424116
1470,103.96753424205637,104.18620450708423
1471,103.27327316921362,104.93510146760171
1472,102.5698887585223,105.67543616501767
1473,101.86795592500755,106.41714728829102
1474,101.1541290809869,107.14741869667901
1475,100.43230034059847,107.86978173844162
1476,99.70481341290825,108.58644613908676
1477,98.97108221016103,109.29671624014294
1478,98.24444705464057,110.01424424886082
1479,97.51521188075581,110.72912966243693
1480,96.79451603028392,111.45262298389713
1481,96.08404780912659,112.18616234961152
1482,95.38070446996754,112.92653606735875
1483,94.67048801517298,113.66031919697585
1484,93.9643051283102,114.39798499219516
1485,93.2700556760322,115.14689272528155
1486,92.5800480590124,115.89971048616835
1487,91.89449873293172,116.65659040676599
1488,91.19558273814515,117.40114498621136
1489,90.49951248304724,118.14836067763487
1490,89.79056522470698,118.8833701163783
1491,89.08084625667553,119.6176344305811
1492,88.38547235655865,120.36549820786882
1493,87.69636831654915,121.11914316318865
1494,86.99940372927598,121.8655247410442
1495,86.3078653104631,122.61693654859111
1496,85.6043005389626,123.35709984917423
1497,84.90662151774302,124.1028136563827
1498,84.21145017259364,124.85086572686386
1499,83.52890213315831,125.6104532967813
1500,82.85331319237184,126.37623700384218
1501,82.17711677834961,127.14148435661602
1502,81.4927751996123,127.89945645511163
1503,80.81346300050262,128.66193926035638
1504,80.13528164811235,129.42542806066842
1505,79.46416659443665,130.19513558767028
1506,79.1723820667419,130.67997879263726
1507,80.12514492528379,130.31243553733367
1508,81.08416287740596,129.96153715309643
1509,82.0421781074795,129.60791034216726
1510,83.00468933475037,129.2667106347423
1511,83.95520306568406,128.89338939231976
1512,84.87233331694422,128.5593313524927
1513,84.05623671102524,129.17319730624283
1514,83.23372754603602,129.77844416462125
1515,82.41764802305333,130.3923328325963
1516,81.6112825645003,131.01892666519555
1517,80.81837458723747,131.6624653338083
1518,80.01067337458721,132.2873363885334
1519,79.21266588891017,132.92454054094242
1520,78.42481113466006,133.57425583495922
1521,77.64922318407766,134.23856631037975
1522,76.8506229028447,134.87502735982315
1523,76.05212211386387,135.51161323016706
1524,75.25994560450023,136.15605210061597
1525,74.45228071771577,136.78097010362944
1526,73.63350018815113,137.3912516130237
1527,72.81478892653837,138.00162604963222
1528,71.9990773358276,138.6160035292796
1529,71.1766018295275,139.22129612362087
1530,70.35989771795228,139.83435360080824
1531,69.54641011758794,140.45167280857197
1532,68.7242969478281,141.05745744022713
1533,67.90466985040989,141.66660151156157
1534,67.05867249593001,142.23855742130303
1535,66.22099015372842,142.8226236622147
1536,65.37457807579604,143.39396565640914
1537,64.51744100860421,143.9490882822163
1538,63.65643760463199,144.4981950285608
1539,62.78880640143407,145.0367683066955
1540,61.926805628874106,145.5843080302757
1541,61.0551331889,146.11631577660674
1542,60.18094309416206,146.64417632353113
1543,59.31126876940542,147.17944415759501
1544,58.43318063499363,147.70079462798117
1545,57.558458536098556,148.22777312293852
1546,56.688742605115586,148.76297334993745
1547,55.813884884532605,149.28415483238925
1548,54.80111736036358,149.41510152192657
1549,53.7896600124056,149.5558109030591
1550,52.77991799542511,149.70834337596744
1551,51.76560704279328,149.8267426212908
1552,50.752725612471124,149.9568053323081
1553,49.741362358984176,150.09818942882265
1554,48.736825861437154,150.0622967656137
1555,47.7429287066605,149.8277471109524
1556,46.74664337007815,149.60355829395357
1557,45.74980486963951,149.3818420377363
1558,44.750760738941636,149.17028608486018
1559,43.7496274102753,148.96884835630215
1560,42.74681697666885,148.77593301453354
1561,41.922868432222806,148.31819519248893
1562,41.3894625115931,147.4473776375221
1563,40.85455965897261,146.5774787781215
1564,40.316023103214796,145.70982477459938
1565,39.7632170316292,144.85119182613312
1566,39.202306881237895,143.99783088782044
1567,38.62949072006818,143.1524157601603
1568,38.05133038199734,142.31064636510231
1569,37.475120439131544,141.46754068467374
1570,36.90139827803131,140.62274013485913
1571,36.62683023075411,139.66673219497338
1572,36.510939431366204,138.65213157743307
1573,36.39549349408563,137.63748024842522
1574,36.275554066611875,136.62335026430767
1575,36.153557703239684,135.6094656699896
1576,36.02912135887485,134.59587764365997
1577,35.90744692728093,133.58195435858693
1578,35.44763137054826,132.77479534177513
1579,34.60222918696133,132.20196006127208
1580,33.76428149561964,131.61827455274894
1581,32.91637328308228,131.04915525713423
1582,32.05932979675201,130.4938881514243
1583,31.201618429819376,129.93965326940483
1584,30.3406893604889,129.39042996219868
1585,29.481095066306263,128.83911993760077
1586,28.622200341972736,128.2867206710671
1587,27.763088204574384,127.73465959068338
1588,26.893456285379763,127.19932284670037
1589,26.008102764989065,126.69040807675424
1590,25.50479497984985,125.82630066351172
1591,25.048900796503425,124.91251426303344
1592,24.586601069373177,124.00195176747081
1593,24.110949942019804,123.09829193104032
1594,23.63341017951898,122.19562872047915
1595,23.15682139184118,121.29246305341331
1596,22.665088029942837,120.39745277663631
1597,22.16525036356749,119.50694314505999
1598,21.668706570557735,118.6145926771376
1599,21.156428439604397,117.73118098942567
1600,21.017275033852933,116.84041689860601
1601,21.496211737442245,115.93849409704664
1602,21.978816272124426,115.0385285593054
1603,22.469434323096152,114.14290641013848
1604,22.962667167584566,113.24872160265015
1605,23.4496084842104,112.35109514192845
1606,23.939504170156184,111.45507766266093
1607,24.433941354851033,110.56155822536945
1608,24.932492427142453,109.67032764728575
1609,25.43480655417348,108.78121256348585
1610,25.934907770677977,107.89085090374907
1611,26.431519722341836,106.99853835583308
1612,26.924724477099026,106.104338051745
1613,27.41050377433092,105.20608219257329
1614,28.17768258062459,104.57151407043261
1615,29.061596398040816,104.06010282645693
1616,29.94994618585778,103.55643651809433
1617,30.839410548807667,103.05474115175058
1618,31.734094125830232,102.5624136276606
1619,32.63034918673662,102.07295274297107
1620,33.52850530062138,101.58698907396237
1621,34.42403901540679,101.09620962207971
1622,35.31925408070717,100.60484917369436
1623,36.21485433840017,100.11419116455681
1624,37.11111415964653,99.62473898513896
1625,38.00791562546516,99.13627994395164
1626,38.90473370629276,98.6478514086637
1627,39.80217030694918,98.16056027146328
1628,40.69947271515851,97.67302207520216
1629,41.592461223656095,97.1776266486758
1630,42.487072199948564,96.68516720412944
1631,43.38362911687876,96.19625944286906
1632,44.260359437545425,95.67470788214258
1633,45.09641520763774,95.08831564874068
1634,45.93383312385654,94.50387032167887
1635,46.77446131159546,93.92405194579736
1636,47.60960357611552,93.336359424733
1637,48.44897808751152,92.75472764757697
1638,49.2890098161843,92.17404547088073
1639,50.12775162113987,91.59150166367083
1640,50.967951860784126,91.01106333613501
1641,51.80900420264308,90.43186039069782
1642,52.65527525677886,89.86030951988191
1643,53.51058582032738,89.30237678778221
1644,54.366942778646155,88.7460514747042
1645,55.22459583369553,88.19172636319708
1646,56.08228767741606,87.6374612675254
1647,56.91116692731518,87.04390983939994
1648,57.64953968776813,86.33846615769934
1649,58.38550171940604,85.63050781990303
1650,59.12807010539827,84.92948191742794
1651,59.876414379512504,84.23462511996344
1652,60.62239146893347,83.53722759799967
1653,61.36875588077063,82.8402446131612
1654,62.117687490940995,82.14602090209506
1655,62.86654477043615,81.45171700760584
1656,63.61619567643445,80.75827008025925
1657,64.36825492294071,80.06743579206292
1658,65.1057923231579,79.36111879111122
1659,65.84777530353378,78.65947331419115
1660,66.59267824425686,77.96092859004898
1661,67.33969096232505,77.26464049491346
1662,68.08741715591889,76.56911863273744
1663,68.82687805624093,75.86481565460737
1664,69.56658990791684,75.16077624636583
1665,70.31012693386701,74.46077781567246
1666,71.05308496071318,73.76016488340093
1667,71.79702720028416,73.06059712158796
1668,72.54063656668676,72.3606755348375
1669,73.2806203831601,71.65692197644415
1670,74.00395419770348,70.9360660207714
1671,74.70607179877175,70.19566516569667
1672,75.30352504849735,69.36747755649182
1673,75.90660680657658,68.54337956831766
1674,76.51847720993028,67.72578571425827
1675,77.13689556242082,66.91313336358677
1676,77.75534824224371,66.10050713696367
1677,78.36689956262659,65.28267458246492
1678,78.96929825521497,64.458077157435
1679,79.57017510311022,63.63237012025911
1680,80.17767271254853,62.811521930220316
1681,80.77455151155857,61.9829202177863
1682,81.37141916636234,61.15431047778926
1683,81.95539627820291,60.316565987749
1684,82.53740138791919,59.47745029201148
1685,83.10355682651543,58.627560228886615
1686,83.67265722430112,57.779639334202116
1687,84.24392326038026,56.933175972551325
1688,84.81845848460392,56.088928151614034
1689,85.39003178618393,55.24267224100724
1690,85.95670528352814,54.39312750717246
1691,86.5202884550183,53.54152953030103
1692,87.09296596411575,52.69602046680386
1693,87.6613578370407,51.84762446003137
1694,88.22635281619075,50.996962493545034
1695,88.78974968166833,50.145241250289445
1696,89.33241548767403,49.28016383966045
1697,89.86793405643742,48.41064387425105
1698,90.39577904943717,47.53644437121924
1699,90.91032086360246,46.65434923521833
1700,91.41854113231399,45.76859686303738
1701,91.92026496211734,44.87914854809105
1702,92.41340224890978,43.98491103896476
1703,92.89509020191501,43.08445458824013
1704,93.37769082933883,42.18448695715304
1705,93.85080784732523,41.27949779127196
1706,94.4100818197342,40.431191714312234
1707,95.10487262470457,39.68278617334603
1708,95.78643766001133,38.922316439640696
1709,96.45358958355283,38.14917128936313
1710,97.11808740415688,37.373743821962584
1711,97.79276652516498,36.60715840804471
1712,98.47441748981112,35.846765696823965
1713,99.14771346374043,35.0789651737806
1714,99.84058953291989,34.32878662163869
1715,100.53400446340598,33.57910613178784
1716,101.24172560029479,32.842916009083694
1717,101.62276178105834,31.91201348701997
1718,101.90568372629275,30.930789623596713
1719,102.1996861989162,29.952828659553862
1720,102.50052470223244,28.976948904473687
1721,102.80448021798178,28.00203549791634
1722,103.09700125598714,27.023630393995063
1723,103.61872120487122,26.15930975977039
1724,104.24930723182142,25.35606237106593
1725,104.89722266850802,24.566726775364373
1726,105.56248296943708,23.79195337282131
1727,106.24449717555115,23.03188645925268
1728,106.93580475670072,22.280262272116392
1729,107.61561498536145,21.518223465795554
1730,108.29084600820359,20.752124154767813
1731,108.96075057749366,19.981362870614998
1732,109.60830406527357,19.191730317483476
1733,110.27599394335634,18.41904971412387
1734,110.9516225943047,17.653301050045066
1735,111.60740768695275,16.87049136522376
1736,112.27641171556597,16.098948301747466
1737,112.93945697163075,15.322278436924464
1738,113.59666776582796,14.540665321116585
1739,114.26619129114414,13.769573017648344
1740,114.35647170766806,12.88954198685565
1741,113.83563228420186,12.011150611623123
1742,113.30564010754682,11.138251186100907
1743,113.1291341546371,10.253860877635757
1744,113.89756360147314,9.581282788309508
1745,114.67954569883956,8.924511063007646
1746,115.47618007074472,8.285591055060165
1747,116.27520305685825,7.6496607377671895
1748,117.07810438287446,7.018634144752239
1749,117.88638325627974,6.39451046715528
1750,118.68417983437975,5.757042253000822
1751,119.49730162119097,5.139241263848881
1752,120.29467229310491,4.501240390817578
1753,121.09435342707908,3.8661378907748407
1754,121.90369445095321,3.243392188973339
1755,122.73120477017612,2.6450012061844954
1756,123.57285041048048,2.066660724803183
1757,124.42680162130696,1.5066496256454887
1758,125.28840772655812,0.9584890460287491
1759,126.15865265707883,0.424149397504077
1760,127.04168431027249,-0.08878354088268983
1761,127.93663544069902,-0.5806245437785659
1762,128.83977093818376,-1.057270508187241
1763,129.01143532325634,-2.0234216098704736
1764,129.0322268149068,-3.0444078050477454
1765,129.06412962216802,-4.065107229968783
1766,129.09370697335157,-5.085876687594398
1767,129.1505856199408,-6.105489328557946
1768,129.20485466329004,-7.125244194221079
1769,129.28595920179072,-8.14321628141553
1770,129.3645150071994,-9.161388222710478
1771,129.46577955743223,-10.177552879419196
1772,129.5920975325901,-11.190908141675449
1773,129.74353082087902,-12.200815601123562
1774,129.91677696689064,-13.207210597244805
1775,130.11370534043215,-14.209240702058958
1776,130.3351272139028,-15.206144644977055
1777,130.58013459999222,-16.197515663981424
1778,129.8781289517856,-16.937750593286168
1779,129.168397094765,-17.672002446745026
1780,128.47802060881827,-18.424481948768236
1781,127.78151256852594,-19.17128959069015
1782,127.10604486173035,-19.937180235814733
1783,126.45193179424713,-20.721387608067772
1784,125.81936650469927,-21.523077236452465
1785,124.95358458779485,-21.32642105357114
1786,124.13657570110666,-20.713769781636294
1787,123.32577807241752,-20.092921726869804
1788,122.51572306815245,-19.471105040168332
1789,121.70904691248941,-18.84491123496105
1790,120.87136396904482,-18.31364102870814
1791,119.99586838253771,-18.83933349788996
1792,119.12205324429787,-19.36781452681059
1793,118.25832453289526,-19.91262439970637
1794,117.39628748520731,-20.46010701331491
1795,116.54500167802031,-21.024161585151433
1796,115.69527069677882,-21.590413413180087
1797,114.8163166855196,-22.110302765336158
1798,113.94147631625883,-22.637084903686212
1799,113.07527001111501,-23.177946928750895
1800,112.21684973742731,-23.731083191727613
1801,111.35550572443778,-24.27965550266938
1802,110.50297398603607,-24.841825158923054
1803,109.64934976546758,-25.402334550192318
1804,108.78827402503474,-25.951327862652864
1805,107.91928865632494,-26.487713467976338
1806,107.04762351119531,-27.019733169673795
1807,106.17323435958193,-27.547263930412242
1808,105.62295394668638,-28.338452698150153
1809,105.77425111233292,-29.348380557359924
1810,105.94669947654504,-30.354912560133425
1811,105.33638751998203,-30.956852606011932
1812,104.32793847085027,-30.795993635755448
1813,103.3170917799881,-30.650962397342543
1814,102.30374389267372,-30.5245853606157
1815,101.29166093171831,-30.38844875570559
1816,100.28051645156981,-30.245508434879234
1817,99.2663275267285,-30.174411683492956
1818,98.34556332895534,-30.616043191307966
1819,97.42458207407105,-31.057221867977184
1820,96.51672450596732,-31.52481114570421
1821,95.6217698142397,-32.016645666706296
1822,94.73541844541828,-32.52382053154466
1823,93.86054511568007,-33.050547927060514
1824,92.98407884562955,-33.574620412254944
1825,92.13641868632996,-34.14365193640702
1826,91.32642511688793,-34.76554863752701
1827,90.52914205410652,-35.40365898138029
1828,89.74150911457951,-36.05364317243085
1829,88.94982890121489,-36.698691647802114
1830,88.15042450868042,-37.334142440804406
1831,87.34591736352095,-37.963120461439956
1832,86.5488880206091,-38.601547687983995
1833,85.74497376218639,-39.23128331836232
1834,84.91883839241582,-39.831571122943274
1835,84.08834088840437,-40.425809282828816
1836,83.25140237453202,-41.010940908401224
1837,82.41089793990918,-41.590938660214796
1838,81.57011863775284,-42.17053788529719
1839,80.73688036139464,-42.76092680173791
1840,79.90684481168701,-43.35581005420514
1841,79.08011755838474,-43.95528244204748
1842,78.24454390320588,-44.54236145375178
1843,77.33476549465846,-44.962718593891736
1844,76.31367935945472,-44.94761234271092
1845,75.29265376407514,-44.92885526456733
1846,74.27173639552733,-44.90492158688436
1847,73.32175774586881,-45.133501356143945
1848,72.61779897321098,-45.87328993923162
1849,71.88597126032167,-46.58552115020422
1850,71.15937538267377,-47.30308893862577
1851,70.43731634716715,-48.02522178718003
1852,69.71996707685138,-48.752033406587515
1853,68.99332049994761,-49.4695498561002
1854,68.24069258226403,-50.15976454811581
1855,67.48023194867527,-50.841339729818245
1856,66.72302984936786,-51.526533194728245
1857,65.95796651288144,-52.2029378034612
1858,65.1239143352698,-52.63810204736612
1859,64.1812477272165,-52.245387421243414
1860,63.23979407001684,-51.849773818129336
1861,62.30003038342351,-51.45016235047583
1862,61.36116790290478,-51.04843812193066
1863,60.415319374904605,-50.66345023147895
1864,59.47111424220493,-50.274449232542054
1865,58.5292273380311,-49.87986822733853
1866,57.59011629047058,-49.47872542332397
1867,56.65329651899251,-49.0722603885941
1868,55.714538680616734,-48.67029169631872
1869,54.77521748260263,-48.269641229847885
1870,53.835393992535145,-47.870170432150445
1871,52.894978524438805,-47.47209523994506
1872,51.957656079531475,-47.066790731003216
1873,51.062389921262096,-46.58193093466095
1874,50.19321954517724,-46.045845148664654
1875,49.31957429592197,-45.51708329885741
1876,48.45125691001613,-44.979616989477464
1877,47.57979871359196,-44.447258342446325
1878,46.70896949263617,-43.913871443672164
1879,45.84454110356192,-43.37017237615698
1880,44.97365526179189,-42.83687793236636
1881,44.09575957660999,-42.315203435045994
1882,43.21213012810942,-41.80330099094996
1883,42.56306538296004,-41.05113891719939
1884,41.95977828409892,-40.22719123509854
1885,41.351674097899625,-39.40679230724329
1886,40.74074405345397,-38.588495545536006
1887,40.136229528995386,-37.76544798070485
1888,39.537742135682734,-36.93800738166336
1889,38.9448254773151,-36.106565897777415
1890,38.349936338759704,-35.27653455927493
1891,37.7533166801393,-34.44774623021594
1892,37.1434228167399,-33.62867688832573
1893,36.532918619474614,-32.81006236975389
1894,35.920517012021506,-31.99286632468025
1895,35.30704060114283,-31.176476834294338
1896,34.69262870090409,-30.360791159040122
1897,34.077538477789275,-29.545616870069672
1898,33.46193254312248,-28.730831973000054
1899,32.845968171270044,-27.91631801599873
1900,32.2297930049558,-27.1019635122207
1901,31.613455830683538,-26.287731617135652
1902,30.99723645036357,-25.47341057069157
1903,30.38126826286632,-24.658899497075826
1904,29.76568628498869,-23.844096499067362
1905,29.159241839891767,-23.0224699215488
1906,28.56266724934892,-22.193649159604917
1907,27.976030998579585,-21.35776459413316
1908,27.390898262655938,-20.52082685567097
1909,26.807542589894343,-19.682649518418422
1910,26.22615058588873,-18.843108913007256
1911,25.646866797141172,-18.002112252758188
1912,25.070046309222928,-17.15942416464723
1913,24.495727264861507,-16.315029280015338
1914,23.924078526707415,-15.468824339011297
1915,23.345218142264162,-14.627536197329135
1916,22.759334570277257,-13.791123904270131
1917,22.17416903557649,-12.954209104402056
1918,21.590319160371802,-12.116375941743367
1919,21.007528352268853,-11.277805753923275
1920,20.42313033678165,-10.440354832731751
1921,19.8433574852827,-9.599695254626988
1922,19.260031088605146,-8.761497544934528
1923,18.67788553543955,-7.922479285783677
1924,18.118021674002062,-7.068431543623009
1925,17.559370973979462,-6.213589754524847
1926,16.998358155072417,-5.360296307463362
